instance,nvarsOrig,nclausesOrig,nvars,nclauses,reducedVars,reducedClauses,vars.clauses.ratio,POSNEG.RATIO.CLAUSE.mean,POSNEG.RATIO.CLAUSE.coeff.variation,POSNEG.RATIO.CLAUSE.min,POSNEG.RATIO.CLAUSE.max,POSNEG.RATIO.CLAUSE.entropy,VCG.CLAUSE.mean,VCG.CLAUSE.coeff.variation,VCG.CLAUSE.min,VCG.CLAUSE.max,VCG.CLAUSE.entropy,UNARY,BINARY.,TRINARY.,VCG.VAR.mean,VCG.VAR.coeff.variation,VCG.VAR.min,VCG.VAR.max,VCG.VAR.entropy,POSNEG.RATIO.VAR.mean,POSNEG.RATIO.VAR.stdev,POSNEG.RATIO.VAR.min,POSNEG.RATIO.VAR.max,POSNEG.RATIO.VAR.entropy,HORNY.VAR.mean,HORNY.VAR.coeff.variation,HORNY.VAR.min,HORNY.VAR.max,HORNY.VAR.entropy,horn.clauses.fraction,VG.mean,VG.coeff.variation,VG.min,VG.max,CG.mean,CG.coeff.variation,CG.min,CG.max,CG.entropy,cluster.coeff.mean,cluster.coeff.coeff.variation,cluster.coeff.min,cluster.coeff.max,cluster.coeff.entropy
sat/20180321_110704973_p_cnf_320_1120.cnf.bz2,320.0,1120.0,320.0,1120.0,0.0,0.0,0.285714,0.51131,0.576785,0.333333,1.0,0.580216,0.009375,0.0,0.009375,0.009375,0.0,0.0,0.0,1.0,0.009375,0.061168,0.008929,0.010714,0.885916,0.030682,0.042987,0.0,0.090909,0.639363,0.004729,0.271293,0.001786,0.008036,1.742101,0.504464,0.01875,0.061168,0.017857,0.021429,0.014072,0.046667,0.013393,0.016071,1.058036,0.119551,0.042809,0.105263,0.125,0.750892
sat/20180321_140823961_p_cnf_320_1120.cnf.bz2,320.0,1120.0,320.0,1120.0,0.0,0.0,0.285714,0.490476,0.576915,0.333333,1.0,0.546089,0.009375,0.0,0.009375,0.009375,0.0,0.0,0.0,1.0,0.009375,0.062088,0.008929,0.010714,0.890916,0.029545,0.04258,0.0,0.090909,0.630581,0.004687,0.301169,0.000893,0.008036,1.859517,0.5,0.01875,0.062088,0.017857,0.021429,0.014075,0.047112,0.013393,0.016071,1.066455,0.11953,0.043257,0.105263,0.125,0.746101
sat/20180322_164238439_p_cnf_320_1120.cnf.bz2,320.0,1120.0,320.0,1120.0,0.0,0.0,0.285714,0.495833,0.577269,0.333333,1.0,0.555364,0.009375,0.0,0.009375,0.009375,0.0,0.0,0.0,1.0,0.009375,0.061629,0.008929,0.010714,0.888541,0.030114,0.042788,0.0,0.090909,0.63506,0.004654,0.258181,0.000893,0.008036,1.709663,0.496429,0.01875,0.061629,0.017857,0.021429,0.014074,0.047763,0.013393,0.016071,1.074298,0.119549,0.043745,0.105263,0.125,0.760502
sat/20180322_164245263_p_cnf_320_1120.cnf.bz2,320.0,1120.0,320.0,1120.0,0.0,0.0,0.285714,0.511905,0.576725,0.333333,1.0,0.581116,0.009375,0.0,0.009375,0.009375,0.0,0.0,0.0,1.0,0.009375,0.059285,0.008929,0.010714,0.872857,0.032955,0.043702,0.0,0.090909,0.654843,0.004746,0.285522,0.001786,0.008036,1.816734,0.50625,0.01875,0.059285,0.017857,0.021429,0.014066,0.047076,0.013393,0.016071,1.062689,0.119606,0.043245,0.105263,0.125,0.739408
sat/20180326_095804286_p_cnf_320_1120.cnf.bz2,320.0,1120.0,320.0,1120.0,0.0,0.0,0.285714,0.506548,0.577157,0.333333,1.0,0.57287,0.009375,0.0,0.009375,0.009375,0.0,0.0,0.0,1.0,0.009375,0.059285,0.008929,0.010714,0.872857,0.032955,0.043702,0.0,0.090909,0.654843,0.004646,0.281767,0.000893,0.008929,1.775575,0.495536,0.01875,0.059285,0.017857,0.021429,0.014066,0.046999,0.013393,0.016071,1.061425,0.119606,0.043198,0.105263,0.125,0.735962
sat/6-3-8.cnf.bz2,5903.0,91638.0,4554.0,87707.0,0.296223,0.04482,0.051923,0.379658,0.601505,0.0,1.0,0.583225,0.00063,0.257489,0.000439,0.003074,0.492851,0.0,0.170226,0.99536,0.00063,1.225099,1.1e-05,0.005256,2.724573,0.163111,0.180083,0.0,1.0,2.22296,0.0006,1.273452,0.0,0.005222,2.430192,0.967984,0.000741,1.670267,6.8e-05,0.007742,-1.0,0.0,-1.0,0.0,-512.0,-1.0,0.0,-1.0,0.0,0.0
sat/a_rphp085_04.cnf.bz2,722.0,16983.0,633.0,16810.0,0.1406,0.010291,0.037656,0.788816,0.427527,0.0,1.0,0.818539,0.007143,0.778676,0.00316,0.265403,0.906444,0.0,0.059964,0.059964,0.007143,0.979993,0.000238,0.029744,4.765361,0.458432,0.39429,0.0,1.0,3.16286,0.004492,1.009952,0.000238,0.022427,4.490058,0.740809,0.018303,0.222471,0.000238,0.035098,-1.0,0.0,-1.0,0.0,-512.0,-1.0,0.0,-1.0,0.0,0.0
sat/ae_rphp035_05.cnf.bz2,2977.0,6728.0,327.0,3942.0,8.103976,0.706748,0.082953,0.859843,0.334611,0.0,1.0,0.653035,0.012928,0.920048,0.006116,0.207951,0.993993,0.0,0.28894,0.28894,0.012928,0.876241,0.001268,0.047945,3.749748,0.341002,0.296825,0.0,1.0,3.515497,0.008572,0.98186,0.001268,0.03932,3.709575,0.845256,0.038963,0.204017,0.001268,0.078387,0.023407,0.90061,0.001268,0.155251,1.978396,0.158094,0.598669,0.003263,0.360903,1.892069
sat/ae_rphp056_05.cnf.bz2,7125.0,16762.0,527.0,9786.0,12.519924,0.712855,0.053852,0.878909,0.294695,0.0,1.0,0.603366,0.00808,0.948931,0.003795,0.208729,0.96192,0.0,0.253117,0.253117,0.00808,0.939776,0.000511,0.031269,4.204685,0.400298,0.321454,0.0,1.0,3.748505,0.005423,1.022148,0.000511,0.025649,4.16324,0.8411,0.025182,0.206378,0.000511,0.050889,0.014926,0.920702,0.000511,0.133558,1.933648,0.128295,0.821246,0.001529,0.365939,1.628214
sat/ae_rphp062_05.cnf.bz2,8634.0,20419.0,584.0,11904.0,13.784247,0.715306,0.049059,0.88193,0.28778,0.0,1.0,0.594541,0.007306,0.953917,0.003425,0.208904,0.956041,0.0,0.246136,0.246136,0.007306,0.951602,0.00042,0.028478,4.293711,0.410544,0.327187,0.0,1.0,3.836046,0.00491,1.030687,0.00042,0.023353,4.251524,0.839886,0.02293,0.206657,0.00042,0.046371,0.013576,0.921558,0.00042,0.129452,1.927168,0.122644,0.873784,0.001297,0.366779,1.591467
sat/ae_rphp075_04.cnf.bz2,9325.0,21986.0,558.0,12553.0,15.71147,0.751454,0.044452,0.817255,0.387373,0.0,1.0,0.672171,0.007301,0.895758,0.003584,0.265233,1.00737,0.0,0.229905,0.229905,0.007301,0.9481,0.000319,0.023739,4.35575,0.462213,0.354738,0.0,1.0,3.710377,0.004754,0.927603,0.000319,0.017844,4.354456,0.778141,0.020464,0.242909,0.000319,0.041424,0.013984,0.727917,0.000319,0.15327,2.224903,0.120092,1.163935,0.001039,0.435889,1.570148
sat/apn-sbox6-cut3-helpbox29.cnf.bz2,199968.0,810942.0,41559.0,292116.0,3.811665,1.776096,0.142269,0.453617,0.569103,0.0,1.0,1.609492,0.000119,0.505356,7.2e-05,0.000217,1.092158,0.0,0.0,0.403186,0.000119,8.951264,4.1e-05,0.018801,0.653262,0.440039,0.28913,0.0,0.666667,1.01897,2.7e-05,10.260072,0.0,0.005888,1.338074,0.324378,5.7e-05,6.514347,1.7e-05,0.009917,-1.0,0.0,-1.0,0.0,-512.0,-1.0,0.0,-1.0,0.0,0.0
sat/apn-sbox6-cut4-helpbox31.cnf.bz2,137472.0,810954.0,38982.0,266118.0,2.526551,2.047347,0.146484,0.461674,0.553578,0.0,1.0,1.599322,0.000127,0.5163,7.7e-05,0.000231,1.112831,0.0,0.0,0.452517,0.000127,9.045576,4.5e-05,0.020585,0.488496,0.509537,0.244416,0.0,0.666667,1.064165,2.7e-05,10.442112,4e-06,0.006302,1.376479,0.315894,6.2e-05,6.760645,1.9e-05,0.010059,-1.0,0.0,-1.0,0.0,-512.0,-1.0,0.0,-1.0,0.0,0.0
sat/apn-sbox6-cut5-helpbox26.cnf.bz2,74976.0,1060908.0,39904.0,376435.0,0.878909,1.818303,0.106005,0.410102,0.687302,0.0,1.0,2.023629,0.000124,0.370157,7.5e-05,0.000226,1.4211,0.0,0.0,0.19406,0.000124,9.558823,3.2e-05,0.018266,0.578056,0.422735,0.245525,0.0,0.666667,1.085565,1.9e-05,10.67889,3e-06,0.003708,0.966581,0.203167,4.4e-05,6.023731,2.4e-05,0.006886,-1.0,0.0,-1.0,0.0,-512.0,-1.0,0.0,-1.0,0.0,0.0
sat/apn-sbox6-cut5-helpbox28.cnf.bz2,74976.0,1060920.0,37484.0,344494.0,1.000213,2.079647,0.108809,0.412401,0.678348,0.0,1.0,2.012108,0.000134,0.391467,8e-05,0.00024,1.428014,0.0,0.0,0.235598,0.000134,9.514611,3.5e-05,0.01971,0.564893,0.453064,0.250125,0.0,0.666667,1.034036,1.9e-05,10.797692,3e-06,0.004052,0.948747,0.20421,4.9e-05,6.054637,2.6e-05,0.007634,-1.0,0.0,-1.0,0.0,-512.0,-1.0,0.0,-1.0,0.0,0.0
sat/assoc_mult_err_3.c.cnf.bz2,15499.0,71247.0,11260.0,61654.0,0.376465,0.155594,0.182632,0.30983,0.665225,0.0,1.0,1.090745,0.000278,0.498266,0.000178,0.004352,1.009107,0.0,0.167791,0.790233,0.000278,1.50458,0.000114,0.006326,2.327635,0.056592,0.093841,0.0,1.0,1.48699,0.000141,1.378286,3.2e-05,0.002141,2.092698,0.560272,0.000267,1.258435,6.5e-05,0.002676,0.001147,1.302392,9.7e-05,0.033785,4.014977,0.16864,0.956991,0.001111,0.905397,3.179577
sat/avg_true-unreach-call.i.cnf.bz2,73998.0,303969.0,25004.0,154177.0,1.959446,0.971559,0.162177,0.342262,0.550595,0.0,1.0,1.01506,0.000151,1.254054,8e-05,0.00268,0.961763,0.0,0.132718,0.842175,0.000151,6.297794,5.2e-05,0.025477,2.31688,0.034315,0.085009,0.0,0.998251,0.892622,8e-05,5.623574,6e-06,0.023045,1.929489,0.645226,0.000108,4.696531,3.2e-05,0.015242,-1.0,0.0,-1.0,0.0,-512.0,-1.0,0.0,-1.0,0.0,0.0
sat/ax-d-4-7-5.cnf.bz2,19610.0,153673.0,15482.0,114398.0,0.266632,0.343319,0.135335,0.267857,1.098796,0.0,1.0,0.949877,0.000161,0.200566,0.000129,0.000194,0.69304,0.0,0.507317,1.0,0.000161,1.021406,5.2e-05,0.002395,2.603082,0.156735,0.138285,0.0,0.657459,2.80536,0.00011,1.042902,5.2e-05,0.0016,2.174407,0.739113,0.000151,1.430258,4.4e-05,0.00264,0.000358,1.030092,5.2e-05,0.002386,4.088471,0.096796,0.603541,0.008333,0.285714,2.780542
sat/C3-2-31.cnf.bz2,2208.0,624047.0,2097.0,623719.0,0.052933,0.000526,0.003362,0.324716,0.635452,0.0,1.0,2.79942,0.004685,0.135144,0.000954,0.006676,1.679702,0.0,3.8e-05,0.001127,0.004685,2.215116,1.1e-05,0.044988,5.840676,0.151193,0.107424,0.0,0.933884,3.447729,8.5e-05,2.058512,0.0,0.000882,3.293533,0.018956,8.8e-05,1.658197,1e-05,0.000601,-1.0,0.0,-1.0,0.0,-512.0,-1.0,0.0,-1.0,0.0,0.0
sat/cms-scheel-md4-families-r24-c5-p0-5-11-13-18.cnf.bz2,29690.0,94137.0,11586.0,62232.0,1.562576,0.512678,0.186174,0.393619,0.426582,0.0,1.0,1.01271,0.000294,1.728006,0.000173,0.04445,0.910786,0.0,0.078031,0.600206,0.000294,0.328045,0.000112,0.000611,2.481253,0.061864,0.152985,0.0,0.666667,1.350662,0.000149,0.351877,4.8e-05,0.000273,2.108747,0.531109,0.000502,3.352773,6.4e-05,0.008324,0.000442,0.507649,0.000112,0.016953,3.226126,0.282795,0.267705,0.015897,0.515152,3.215045
sat/cms-scheel-md4-families-r24-c8-p2-3-4-5-7-12-16-19.cnf.bz2,29693.0,94143.0,11673.0,62412.0,1.543733,0.508412,0.187031,0.395591,0.424775,0.0,1.0,1.012564,0.000293,1.727728,0.000171,0.044119,0.906577,0.0,0.074729,0.600974,0.000293,0.332696,0.000112,0.000609,2.490284,0.066301,0.161051,0.0,0.666667,1.354493,0.000148,0.35792,4.8e-05,0.000272,2.138492,0.530731,0.000502,3.32944,6.4e-05,0.0083,0.000444,0.512129,0.000112,0.016904,3.251361,0.281976,0.268671,0.015897,0.515152,3.225931
sat/cms-scheel-md5-families-r24-c5-p2-7-8-15-19.cnf.bz2,39544.0,131267.0,15952.0,89575.0,1.478937,0.465442,0.178085,0.4061,0.394125,0.0,1.0,0.971648,0.000214,1.437939,0.000125,0.032284,0.859876,0.0,0.052984,0.5883,0.000214,0.476656,8.9e-05,0.000581,2.0081,0.037203,0.133584,0.0,0.666667,0.523933,0.000109,0.492371,3.3e-05,0.000279,1.905198,0.523505,0.000273,3.679639,4.5e-05,0.005772,0.000367,0.507905,7.8e-05,0.011756,3.471764,0.285528,0.267533,0.016016,0.566667,3.185858
sat/cms-scheel-md5-families-r24-c8-p0-3-5-6-14-16-18-19.cnf.bz2,39547.0,131273.0,16039.0,89755.0,1.465677,0.46257,0.178698,0.407445,0.392836,0.0,1.0,0.970686,0.000214,1.440156,0.000125,0.032109,0.856229,0.0,0.050738,0.588859,0.000214,0.480752,8.9e-05,0.000579,2.025435,0.040617,0.141016,0.0,0.666667,0.538125,0.000108,0.497097,3.3e-05,0.000279,1.910752,0.523258,0.000273,3.653368,4.5e-05,0.00576,0.000368,0.513251,7.8e-05,0.011732,3.50643,0.284774,0.269745,0.016016,0.566667,3.188214
sat/CNP-5-100.cnf.bz2,27585.0,214401.0,21895.0,204590.0,0.259877,0.047954,0.107019,0.978656,0.100608,0.0,1.0,0.223314,0.000145,0.722881,9.1e-05,0.000365,0.680742,0.0,0.778083,0.784721,0.000145,0.379169,5.9e-05,0.000293,3.01288,0.008488,0.024907,0.0,1.0,0.758771,7.1e-05,0.400194,0.0,0.000293,2.98287,0.778083,0.000291,0.364318,9.8e-05,0.000601,0.000256,0.811935,5.4e-05,0.001173,4.32228,0.059558,0.509043,0.008439,0.25,2.400774
sat/CNP-5-1200.cnf.bz2,22085.0,163211.0,17495.0,154500.0,0.262361,0.056382,0.113236,0.974408,0.111089,0.0,1.0,0.257429,0.000181,0.717818,0.000114,0.000457,0.706643,0.0,0.774317,0.783107,0.000181,0.401326,7.8e-05,0.000388,3.03831,0.012771,0.031401,0.0,1.0,0.952637,8.9e-05,0.424982,0.0,0.000388,2.994248,0.774317,0.000361,0.385498,0.000117,0.000796,0.000323,0.811304,7.1e-05,0.001528,4.326769,0.063543,0.525169,0.008439,0.285714,2.484931
sat/CNP-5-1300.cnf.bz2,21585.0,158431.0,17095.0,149820.0,0.26265,0.057476,0.114104,0.974121,0.111909,0.0,1.0,0.259697,0.000185,0.717564,0.000117,0.000468,0.708465,0.0,0.774156,0.78322,0.000185,0.402837,6.7e-05,0.0004,3.051474,0.013425,0.032439,0.0,1.0,0.973744,9.1e-05,0.426586,0.0,0.0004,2.992075,0.774156,0.000369,0.386941,0.00012,0.000821,0.00033,0.811853,7.3e-05,0.001575,4.321077,0.064086,0.52709,0.008439,0.285714,2.499182
sat/CNP-5-1400.cnf.bz2,21085.0,154221.0,16695.0,145710.0,0.262953,0.058411,0.114577,0.973534,0.113224,0.0,1.0,0.26426,0.000189,0.716824,0.00012,0.000479,0.711841,0.0,0.773605,0.782925,0.000189,0.40198,6.9e-05,0.000412,3.059415,0.014021,0.033237,0.0,1.0,0.990753,9.3e-05,0.42617,0.0,0.000412,3.000964,0.773605,0.000377,0.386034,0.000124,0.000844,0.000338,0.810712,6.9e-05,0.00162,4.315588,0.064518,0.527576,0.008439,0.285714,2.505029
sat/CNP-5-1600.cnf.bz2,20085.0,145026.0,15895.0,136715.0,0.263605,0.060791,0.116264,0.972992,0.114846,0.0,1.0,0.268492,0.000199,0.716408,0.000126,0.000503,0.715306,0.0,0.773368,0.783301,0.000199,0.405394,7.3e-05,0.000439,3.08049,0.015282,0.034947,0.0,1.0,1.041964,9.7e-05,0.429735,0.0,0.000439,3.003439,0.773368,0.000396,0.388966,0.000117,0.0009,0.000355,0.811437,6.6e-05,0.001726,4.308753,0.065568,0.531972,0.008439,0.318182,2.520284
sat/CNP-5-1900.cnf.bz2,18585.0,132511.0,14695.0,124522.0,0.264716,0.064157,0.118011,0.972274,0.117099,0.0,1.0,0.273749,0.000215,0.715937,0.000136,0.000544,0.719715,0.0,0.7731,0.784006,0.000215,0.402019,6.4e-05,0.000482,3.076344,0.01718,0.037625,0.0,1.0,1.12022,0.000105,0.426491,0.0,0.000482,2.998865,0.7731,0.000428,0.384672,0.000112,0.000988,0.000382,0.808362,7.2e-05,0.001879,4.27965,0.066623,0.526124,0.008656,0.318182,2.533437
sat/CNP-5-300.cnf.bz2,26585.0,204701.0,21095.0,195090.0,0.260251,0.049264,0.10813,0.977789,0.102691,0.0,1.0,0.230387,0.00015,0.721773,9.5e-05,0.000379,0.686046,0.0,0.777231,0.784192,0.00015,0.385081,6.2e-05,0.000308,3.00965,0.009019,0.025708,0.0,1.0,0.783915,7.4e-05,0.406784,0.0,0.000308,2.981439,0.777231,0.000301,0.370022,0.000103,0.00063,0.000266,0.811018,5.6e-05,0.00122,4.331245,0.060241,0.514123,0.008439,0.285714,2.417481
sat/CNP-5-400.cnf.bz2,26085.0,200591.0,20695.0,191080.0,0.260449,0.049775,0.108305,0.977449,0.103521,0.0,1.0,0.23315,0.000153,0.72135,9.7e-05,0.000387,0.688129,0.0,0.77691,0.784017,0.000153,0.38492,5.2e-05,0.000314,3.026364,0.009329,0.026198,0.0,1.0,0.799291,7.5e-05,0.407101,0.0,0.000314,2.989374,0.77691,0.000307,0.370363,0.000105,0.000644,0.000271,0.810399,5.8e-05,0.001246,4.323982,0.060397,0.514198,0.008439,0.285714,2.417406
sat/course0.2_2018_3_5.cnf.bz2,657654.0,1193217.0,174233.0,787421.0,2.774566,0.515348,0.22127,0.448436,0.924393,0.0,1.0,1.679423,2e-05,3.105208,1.1e-05,0.009401,1.449596,0.0,0.524333,0.736602,2e-05,1.430992,6e-06,0.000706,2.798794,0.288942,0.252856,0.0,1.0,3.288447,8e-06,1.523961,0.0,0.000278,2.243121,0.63901,0.000143,2.713455,6e-06,0.003569,-1.0,0.0,-1.0,0.0,-512.0,-1.0,0.0,-1.0,0.0,0.0
sat/cz-3-7-7.cnf.bz2,12593.0,113257.0,10209.0,84956.0,0.233519,0.333125,0.120168,0.269175,1.034629,0.0,1.0,0.919344,0.000248,0.196626,0.000196,0.000294,0.690521,0.0,0.463781,1.0,0.000248,0.970451,9.4e-05,0.00372,2.850604,0.161895,0.15586,0.0,0.740933,2.972126,0.000165,0.967689,7.1e-05,0.002295,2.449923,0.717477,0.000243,1.307137,5.9e-05,0.003979,0.000537,0.998534,7.1e-05,0.003708,4.347517,0.083777,0.621509,0.007353,0.285714,2.7773
sat/cz-d-4-7-5.cnf.bz2,19610.0,153672.0,15490.0,114564.0,0.265978,0.341364,0.135208,0.267618,1.098898,0.0,1.0,0.949469,0.000161,0.200556,0.000129,0.000194,0.693044,0.0,0.507192,1.0,0.000161,1.020217,5.2e-05,0.002392,2.603396,0.156774,0.138288,0.0,0.657459,2.798962,0.00011,1.041928,5.2e-05,0.001597,2.168783,0.738836,0.000151,1.428282,4.4e-05,0.002636,0.000358,1.029997,5.2e-05,0.002383,4.086621,0.096695,0.602866,0.008333,0.285714,2.778355
sat/dist4.c.cnf.bz2,15258.0,68130.0,10460.0,56993.0,0.4587,0.19541,0.183531,0.310255,0.70978,0.0,1.0,1.156335,0.000302,0.521291,0.000191,0.005258,1.061908,0.0,0.177022,0.771428,0.000302,1.551943,0.000123,0.006843,2.508013,0.062423,0.103684,0.0,1.0,1.631861,0.000149,1.439116,3.5e-05,0.00272,2.204177,0.552454,0.000307,1.216655,7e-05,0.003334,0.001324,1.20116,0.000105,0.038549,4.371104,0.18238,0.901509,0.001117,0.905397,3.394298
sat/dist5.c.cnf.bz2,15256.0,68124.0,10461.0,57034.0,0.458369,0.194445,0.183417,0.31011,0.710294,0.0,1.0,1.156527,0.000302,0.517002,0.000191,0.004684,1.062222,0.0,0.177491,0.771645,0.000302,1.552009,0.000123,0.006838,2.514238,0.062256,0.103573,0.0,1.0,1.628487,0.000149,1.438536,3.5e-05,0.002718,2.211603,0.552793,0.000304,1.212315,7e-05,0.003331,0.001323,1.201511,0.000105,0.038521,4.372378,0.182396,0.901662,0.001117,0.905397,3.395891
sat/e_rphp056_05.cnf.bz2,7097.0,13598.0,499.0,7000.0,13.222445,0.942571,0.071286,0.850714,0.315414,0.0,1.0,0.68259,0.009685,0.954527,0.004008,0.220441,0.873893,0.0,0.117857,0.117857,0.009685,1.065082,0.001429,0.032143,0.940346,0.107237,0.301614,0.0,0.955556,0.351141,0.005763,1.274826,0.000714,0.024286,0.950399,0.777857,0.036187,0.11051,0.031857,0.071143,0.023327,0.618179,0.001286,0.070714,0.947547,0.099686,0.675627,0.004032,0.365939,0.948911
sat/e_rphp065_04.cnf.bz2,7073.0,13512.0,451.0,6890.0,14.682927,0.961103,0.065457,0.761587,0.444281,0.0,1.0,0.75759,0.010114,0.898955,0.004435,0.283814,0.897406,0.0,0.092888,0.092888,0.010114,1.058388,0.001161,0.028447,0.959183,0.138242,0.33688,0.0,0.959184,0.41238,0.005767,1.158761,0.000581,0.019158,0.970639,0.696662,0.033512,0.139615,0.028157,0.065312,0.024518,0.414875,0.001016,0.065022,0.958944,0.083968,0.987608,0.004454,0.434632,0.959921
sat/e_rphp096_04.cnf.bz2,14916.0,28888.0,668.0,14640.0,21.329341,0.973224,0.045628,0.766393,0.432399,0.0,1.0,0.730825,0.006878,0.914214,0.002994,0.284431,0.841069,0.0,0.064891,0.064891,0.006878,1.100331,0.000546,0.01974,0.958058,0.139734,0.341087,0.0,0.972318,0.411646,0.003925,1.194297,0.000273,0.013251,0.96638,0.687842,0.023334,0.139242,0.019604,0.04556,-1.0,0.0,-1.0,0.0,-512.0,-1.0,0.0,-1.0,0.0,0.0
sat/ecarev-110-1031-23-40-5.cnf.bz2,42271.0,248471.0,39745.0,234368.0,0.063555,0.060175,0.169584,0.44546,0.567881,0.0,1.0,0.490223,7.9e-05,0.123238,5e-05,0.000101,0.502695,0.0,0.010151,0.835016,7.9e-05,0.087517,2.6e-05,8.1e-05,0.362268,0.056102,0.021315,0.0,0.4,0.347213,1.7e-05,0.076059,1.3e-05,3.8e-05,0.231103,0.173475,4.2e-05,0.074618,1.7e-05,4.3e-05,0.000109,0.167555,2.1e-05,0.000145,1.845874,0.291064,0.123234,0.17619,0.488889,2.024058
sat/ecarev-110-1031-23-40-8.cnf.bz2,42271.0,248471.0,39764.0,234471.0,0.063047,0.059709,0.16959,0.445353,0.568109,0.0,1.0,0.491037,7.9e-05,0.123342,5e-05,0.000101,0.503509,0.0,0.010359,0.83508,7.9e-05,0.08781,2.6e-05,8.1e-05,0.364779,0.056188,0.0216,0.0,0.5,0.350514,1.7e-05,0.077678,9e-06,3.4e-05,0.238191,0.173672,4.2e-05,0.074789,1.7e-05,4.3e-05,0.000109,0.167869,2.1e-05,0.000154,1.847253,0.291039,0.123244,0.169591,0.52381,2.024092
sat/ex009_10.cnf.bz2,261156.0,6513812.0,137429.0,6126289.0,0.900298,0.063256,0.022433,0.182898,1.034829,0.0,1.0,0.805025,2.5e-05,0.16492,1.5e-05,8e-05,0.816103,0.0,0.031928,0.530259,2.5e-05,1.827023,0.0,0.000137,1.779143,0.056271,0.107833,0.0,1.0,1.265105,7e-06,2.622818,0.0,6.9e-05,1.742534,0.314082,1.9e-05,1.8235,0.0,9.7e-05,-1.0,0.0,-1.0,0.0,-512.0,-1.0,0.0,-1.0,0.0,0.0
sat/ex157_10.cnf.bz2,132349.0,2005750.0,54386.0,1764991.0,1.433512,0.136408,0.030814,0.18868,1.036403,0.0,1.0,0.837617,6.3e-05,0.173037,3.7e-05,0.000202,0.845866,0.0,0.042455,0.541224,6.3e-05,1.693965,1e-06,0.00031,1.733308,0.054093,0.123952,0.0,1.0,1.202408,1.8e-05,2.238891,1e-06,0.000156,1.692632,0.338946,4.8e-05,1.676618,1e-06,0.000223,-1.0,0.0,-1.0,0.0,-512.0,-1.0,0.0,-1.0,0.0,0.0
sat/ex179_11.cnf.bz2,127050.0,1735561.0,51956.0,1516479.0,1.445338,0.144468,0.034261,0.190926,1.033128,0.0,1.0,0.850184,6.6e-05,0.178837,3.8e-05,0.000231,0.856472,0.0,0.045766,0.544722,6.6e-05,1.748914,1e-06,0.000342,1.696597,0.054767,0.120645,0.0,1.0,1.206438,2e-05,2.216416,1e-06,0.000171,1.670454,0.348864,5e-05,1.7229,1e-06,0.000251,-1.0,0.0,-1.0,0.0,-512.0,-1.0,0.0,-1.0,0.0,0.0
sat/exams0.04_2017_9.cnf.bz2,434572.0,1056905.0,186541.0,780947.0,1.329633,0.353363,0.238865,0.468579,0.881714,0.0,1.0,1.628535,1.9e-05,3.317403,1.1e-05,0.009044,1.343584,0.0,0.523211,0.759916,1.9e-05,1.915704,3e-06,0.001193,2.732016,0.326575,0.252616,0.0,1.0,3.205745,8e-06,2.091701,0.0,0.000512,2.033647,0.635185,0.000154,2.644972,5e-06,0.005586,-1.0,0.0,-1.0,0.0,-512.0,-1.0,0.0,-1.0,0.0,0.0
sat/factoring87654321x12345678.cnf.bz2,2361.0,12641.0,2232.0,12012.0,0.057796,0.052364,0.185814,0.367052,0.489055,0.0,1.0,1.063857,0.001469,0.228431,0.000896,0.011649,1.002467,0.0,0.137363,0.588745,0.001469,0.367394,0.000666,0.004829,1.752728,0.027813,0.039381,0.0,0.333333,1.035142,0.000825,0.710246,0.000333,0.004662,1.216077,0.590826,0.000682,1.351083,0.000416,0.006827,0.002165,0.529708,0.000583,0.059108,2.877522,0.313949,0.407696,0.002825,0.590476,2.697153
sat/factoring94418953x321534781.cnf.bz2,2703.0,14537.0,2582.0,13897.0,0.046863,0.046053,0.185795,0.366851,0.482127,0.0,1.0,1.058043,0.001273,0.228217,0.000775,0.010844,1.000879,0.0,0.135353,0.583004,0.001273,0.380757,0.000648,0.004533,1.759277,0.02701,0.037793,0.0,0.333333,1.02247,0.000713,0.734332,0.000288,0.004317,1.250714,0.58912,0.000585,1.393885,0.000288,0.006332,0.001899,0.560505,0.000432,0.058934,2.842755,0.315384,0.406963,0.002531,0.561404,2.714196
sat/frb35-17-5-mgd_ext.cnf.bz2,175.0,12334.0,175.0,12334.0,0.0,0.0,0.014188,0.334909,0.715225,0.0,1.0,2.302686,0.049613,0.144397,0.011429,0.057143,1.197076,0.0,0.017269,0.018648,0.049613,0.202018,0.023674,0.074266,4.891411,0.23193,0.313968,0.0,0.888021,2.762403,0.00041,0.940578,8.1e-05,0.001703,1.944064,0.024647,0.006644,0.189573,0.003567,0.008837,-1.0,0.0,-1.0,0.0,-512.0,-1.0,0.0,-1.0,0.0,0.0
sat/gto_p60c233.cnf.bz2,1023.0,3533.0,130.0,522.0,6.869231,5.768199,0.249042,0.870144,0.276975,0.0,1.0,1.218167,0.024418,0.693424,0.015385,0.092308,1.194959,0.0,0.712644,0.758621,0.024418,0.250246,0.007663,0.042146,2.388214,0.242461,0.210159,0.0,1.0,2.882047,0.011258,0.339013,0.001916,0.021073,2.063608,0.724138,0.035632,0.323791,0.007663,0.061303,0.031752,0.899543,0.0,0.149425,3.527217,0.220333,0.565989,0.0,0.5,3.438363
sat/gto_p60c235.cnf.bz2,1031.0,3583.0,135.0,533.0,6.637037,5.722326,0.253283,0.885411,0.26805,0.0,1.0,1.04356,0.02225,0.754275,0.014815,0.148148,1.097844,0.0,0.748593,0.797373,0.02225,0.224429,0.007505,0.033771,2.29405,0.249632,0.200466,0.0,1.0,2.789482,0.011201,0.335571,0.003752,0.020638,2.076373,0.752345,0.034966,0.408773,0.007505,0.071295,0.026576,1.034483,0.0,0.225141,3.313281,0.245119,0.5118,0.0,0.5,3.285733
sat/gto_p60c238.cnf.bz2,1043.0,3649.0,137.0,549.0,6.613139,5.64663,0.249545,0.879853,0.285513,0.0,1.0,1.036443,0.021712,0.742466,0.014599,0.145985,1.082998,0.0,0.748634,0.794171,0.021712,0.219768,0.007286,0.034608,2.274187,0.255552,0.198869,0.0,1.0,2.819492,0.011035,0.334766,0.003643,0.020036,2.092332,0.752277,0.033797,0.394751,0.007286,0.069217,0.025634,1.036883,0.0,0.220401,3.328894,0.246177,0.507665,0.0,0.5,3.300178
sat/gto_p60c239.cnf.bz2,1038.0,3627.0,127.0,507.0,7.173228,6.153846,0.250493,0.850647,0.32562,0.0,1.0,1.281624,0.026852,0.800531,0.015748,0.133858,1.319203,0.0,0.696252,0.733728,0.026852,0.210003,0.013807,0.04142,2.402349,0.185702,0.119315,0.0,0.538462,2.994163,0.011198,0.359756,0.001972,0.023669,2.086164,0.704142,0.044014,0.328283,0.015779,0.08284,0.037946,0.852717,0.005917,0.185404,3.569185,0.207947,0.509061,0.030011,0.530303,3.448878
sat/gto_p60c241.cnf.bz2,1046.0,3673.0,129.0,515.0,7.108527,6.132039,0.250485,0.840159,0.335857,0.0,1.0,1.345594,0.026071,0.748464,0.015504,0.116279,1.312155,0.0,0.68932,0.728155,0.026071,0.286708,0.01165,0.050485,2.642403,0.193039,0.126806,0.0,0.578947,2.968303,0.010913,0.370852,0.001942,0.023301,2.10858,0.697087,0.038895,0.314938,0.015534,0.071845,0.037206,0.860554,0.005825,0.174757,3.643568,0.219198,0.508812,0.036842,0.678571,3.472356
sat/huck.col.11.cnf.bz2,740.0,6094.0,513.0,5097.0,0.442495,0.195605,0.100647,0.999804,0.014008,0.0,1.0,0.001871,0.005629,1.266004,0.003899,0.035088,0.219704,0.0,0.944085,0.944085,0.005629,0.657374,0.00157,0.027467,3.120873,0.317659,0.026027,0.209302,0.375,1.498133,0.003694,0.638871,0.000981,0.017657,2.967796,0.94487,0.018917,0.629465,0.006867,0.088091,0.010127,2.232583,0.000981,0.216598,3.595159,0.082873,0.487765,0.00181,0.333333,2.454855
sat/Karatsuba6972593x13466917.cnf.bz2,786.0,18419.0,776.0,18350.0,0.012887,0.00376,0.042289,0.340722,0.667371,0.0,1.0,2.571768,0.009034,0.313979,0.002577,0.029639,2.139552,0.0,0.012698,0.080599,0.009034,1.281922,0.00049,0.058474,4.920197,0.094358,0.118716,0.0,0.785714,3.08084,0.000759,0.60212,0.000163,0.002779,3.19171,0.121253,0.001701,0.533555,0.000218,0.003978,-1.0,0.0,-1.0,0.0,-512.0,-1.0,0.0,-1.0,0.0,0.0
sat/Karatsuba7654321x1234567.cnf.bz2,775.0,17253.0,764.0,17159.0,0.014398,0.005478,0.044525,0.344492,0.66504,0.0,1.0,2.569571,0.009047,0.319837,0.002618,0.028796,2.149715,0.0,0.013637,0.086077,0.009047,1.308266,0.000525,0.062241,4.877417,0.097271,0.116924,0.0,0.8,3.11544,0.000803,0.595275,0.000175,0.002797,3.162552,0.127688,0.001799,0.533796,0.000233,0.004254,-1.0,0.0,-1.0,0.0,-512.0,-1.0,0.0,-1.0,0.0,0.0
sat/magicSquare-9_glb.cnf.bz2,10226.0,85868.0,10145.0,85868.0,0.007984,0.0,0.118146,0.471021,0.96974,0.0,1.0,1.351214,0.000341,2.133695,0.000197,0.007984,0.928175,0.0,0.752702,0.798854,0.000341,1.363371,0.000116,0.003342,1.54008,0.054112,0.038672,0.0,0.5,1.012453,0.000171,1.27519,5.8e-05,0.001188,1.336107,0.813295,0.000909,2.266139,7e-05,0.077607,-1.0,0.0,-1.0,0.0,-512.0,-1.0,0.0,-1.0,0.0,0.0
sat/mod8-abd-yad.rules.7-7.cnf.bz2,141659.0,923902.0,124707.0,901709.0,0.135935,0.024612,0.138301,0.289891,0.865969,0.0,1.0,0.916694,2.1e-05,0.200912,1.6e-05,7.2e-05,0.735551,0.0,0.358682,0.985376,2.1e-05,3.448269,7e-06,0.001237,2.226615,0.145762,0.125611,0.0,0.8,2.356742,1.3e-05,3.406317,3e-06,0.000745,1.959773,0.679792,2.3e-05,3.56961,6e-06,0.001478,-1.0,0.0,-1.0,0.0,-512.0,-1.0,0.0,-1.0,0.0,0.0
sat/Nb27T6.cnf.bz2,348375.0,1545480.0,193827.0,1545480.0,0.79735,0.0,0.125415,0.345943,0.734684,0.0,1.0,1.209238,1.7e-05,0.289072,1e-05,2.6e-05,1.062738,0.0,0.15,0.75,1.7e-05,8.58748,8e-06,0.003704,0.697407,0.066446,0.081604,0.0,0.166667,0.672471,5e-06,11.549697,1e-06,0.001852,0.743645,0.301887,9e-06,8.471258,5e-06,0.001904,-1.0,0.0,-1.0,0.0,-512.0,-1.0,0.0,-1.0,0.0,0.0
sat/Nb39T6.cnf.bz2,1054983.0,4684680.0,586515.0,4684680.0,0.798731,0.0,0.125199,0.345649,0.734502,0.0,1.0,1.207029,6e-06,0.289072,3e-06,9e-06,1.062738,0.0,0.15,0.75,6e-06,12.452591,3e-06,0.002564,0.685859,0.066561,0.081628,0.0,0.166667,0.672754,2e-06,16.750627,0.0,0.001282,0.719283,0.301299,3e-06,12.223645,1e-06,0.001307,-1.0,0.0,-1.0,0.0,-512.0,-1.0,0.0,-1.0,0.0,0.0
sat/Nb44T6.cnf.bz2,1516938.0,6737280.0,843210.0,6737280.0,0.799004,0.0,0.125156,0.345575,0.734455,0.0,1.0,1.206449,4e-06,0.289072,2e-06,6e-06,1.062738,0.0,0.15,0.75,4e-06,14.061732,2e-06,0.002273,0.683403,0.066584,0.081633,0.0,0.166667,0.672809,1e-06,18.916905,0.0,0.001136,0.713462,0.301149,2e-06,13.785713,1e-06,0.001156,-1.0,0.0,-1.0,0.0,-512.0,-1.0,0.0,-1.0,0.0,0.0
sat/Nb8T60.cnf.bz2,114180.0,453120.0,58500.0,453120.0,0.951795,0.0,0.129105,0.395621,0.590588,0.0,1.0,0.821358,6e-05,0.251387,3.4e-05,8.5e-05,0.648251,0.0,0.012712,0.75,6e-05,2.398123,2.6e-05,0.001059,0.310931,0.00547,0.029694,0.0,0.166667,0.144414,1.1e-05,3.446742,4e-06,0.00053,0.327412,0.140395,3.1e-05,2.530645,1.5e-05,0.00058,-1.0,0.0,-1.0,0.0,-512.0,-1.0,0.0,-1.0,0.0,0.0
sat/Nb8T61.cnf.bz2,116131.0,460800.0,59491.0,460800.0,0.952077,0.0,0.129104,0.395694,0.590367,0.0,1.0,0.820216,5.9e-05,0.251321,3.4e-05,8.4e-05,0.647101,0.0,0.0125,0.75,5.9e-05,2.39809,2.6e-05,0.001042,0.309,0.005379,0.029454,0.0,0.166667,0.142559,1.1e-05,3.446467,4e-06,0.000521,0.325234,0.140139,3.1e-05,2.530724,1.5e-05,0.000571,-1.0,0.0,-1.0,0.0,-512.0,-1.0,0.0,-1.0,0.0,0.0
sat/ortholatin-7.cnf.bz2,6076.0,101038.0,3626.0,88494.0,0.675676,0.14175,0.040975,0.830013,0.416101,0.0,1.0,0.873738,0.000746,1.116644,0.000552,0.013514,0.630836,0.0,0.853821,0.85825,0.000746,1.618089,0.000203,0.027889,1.283079,0.646635,0.23345,0.005326,0.770492,1.234047,0.000482,0.422794,9e-05,0.001198,1.382732,0.86155,0.000576,1.885133,0.00017,0.026702,-1.0,0.0,-1.0,0.0,-512.0,-1.0,0.0,-1.0,0.0,0.0
sat/Problem11_label29_false-unreach-call.c.cnf.bz2,1497096.0,6358575.0,712548.0,3740102.0,1.101046,0.700107,0.190516,0.390965,0.67145,0.0,1.0,1.403239,5e-06,0.648893,3e-06,0.000507,1.232539,0.0,0.174552,0.716409,5e-06,6.646056,1e-06,0.007657,2.498144,0.066858,0.101297,0.0,1.0,1.519547,2e-06,6.255101,0.0,0.003506,2.297238,0.511998,3e-06,4.217341,0.0,0.002915,-1.0,0.0,-1.0,0.0,-512.0,-1.0,0.0,-1.0,0.0,0.0
sat/Problem14_label48_true-unreach-call.c.cnf.bz2,1703715.0,7315993.0,802185.0,4297161.0,1.123843,0.702518,0.186678,0.388768,0.696658,0.0,1.0,1.493971,4e-06,1.002064,2e-06,0.001213,1.320623,0.0,0.181904,0.698966,4e-06,6.092853,2e-06,0.004794,2.451859,0.069485,0.10463,0.0,0.989095,1.520457,2e-06,5.617512,0.0,0.002101,2.334926,0.504495,3e-06,4.317573,1e-06,0.001696,-1.0,0.0,-1.0,0.0,-512.0,-1.0,0.0,-1.0,0.0,0.0
sat/Problem14_label55_true-unreach-call.c.cnf.bz2,1703792.0,7316918.0,802207.0,4298055.0,1.123881,0.702379,0.186644,0.388782,0.696787,0.0,1.0,1.49413,4e-06,1.012569,2e-06,0.001237,1.320802,0.0,0.18204,0.698998,4e-06,6.092894,2e-06,0.004795,2.451567,0.069479,0.10463,0.0,0.989316,1.520132,2e-06,5.618178,0.0,0.002104,2.334964,0.504568,3e-06,4.351051,1e-06,0.001695,-1.0,0.0,-1.0,0.0,-512.0,-1.0,0.0,-1.0,0.0,0.0
sat/ramsey-32-4.cnf.bz2,45632.0,198400.0,992.0,19840.0,45.0,9.0,0.05,0.5,1.0,0.0,1.0,0.693147,0.006048,0.0,0.006048,0.006048,0.0,0.0,0.0,0.0,0.006048,0.0,0.006048,0.006048,0.0,0.0,0.0,0.0,0.0,0.0,0.001512,0.0,0.001512,0.001512,0.0,0.25,0.006099,0.0,0.006099,0.006099,-1.0,0.0,-1.0,0.0,-512.0,-1.0,0.0,-1.0,0.0,0.0
sat/satcoin-genesis-SAT-10.cnf.bz2,134780.0,648803.0,87767.0,574393.0,0.535657,0.129545,0.1528,0.379456,0.371314,0.0,1.0,0.825276,3.7e-05,0.148933,2.3e-05,0.000137,0.687738,0.0,0.021468,0.722699,3.7e-05,0.615506,1.2e-05,0.000226,2.082559,0.007995,0.027399,0.0,0.5,0.490645,1.8e-05,0.604393,3e-06,0.000113,2.20231,0.488658,1.7e-05,0.605639,7e-06,0.000117,-1.0,0.0,-1.0,0.0,-512.0,-1.0,0.0,-1.0,0.0,0.0
sat/satcoin-genesis-SAT-128.cnf.bz2,134781.0,648806.0,87814.0,574640.0,0.534846,0.129065,0.152816,0.379463,0.371501,0.0,1.0,0.825537,3.7e-05,0.148957,2.3e-05,0.000137,0.687841,0.0,0.021483,0.722665,3.7e-05,0.615851,1.2e-05,0.000226,2.082353,0.008005,0.027416,0.0,0.5,0.490086,1.8e-05,0.604667,3e-06,0.000111,2.202953,0.488659,1.7e-05,0.605858,7e-06,0.000118,-1.0,0.0,-1.0,0.0,-512.0,-1.0,0.0,-1.0,0.0,0.0
sat/satcoin-genesis-SAT-32.cnf.bz2,134781.0,648806.0,87767.0,574393.0,0.535668,0.129551,0.1528,0.379453,0.371298,0.0,1.0,0.825259,3.7e-05,0.14893,2.3e-05,0.000137,0.68772,0.0,0.021461,0.722692,3.7e-05,0.615505,1.2e-05,0.000226,2.082619,0.007995,0.027394,0.0,0.5,0.490757,1.8e-05,0.604395,3e-06,0.000113,2.202303,0.488657,1.7e-05,0.605639,7e-06,0.000117,-1.0,0.0,-1.0,0.0,-512.0,-1.0,0.0,-1.0,0.0,0.0
sat/satcoin-genesis-SAT-4.cnf.bz2,134781.0,648806.0,87345.0,571167.0,0.543088,0.13593,0.152924,0.379304,0.371309,0.0,1.0,0.825399,3.7e-05,0.149222,2.3e-05,0.000137,0.689635,0.0,0.022095,0.722986,3.7e-05,0.614341,1.2e-05,0.000226,2.088718,0.007915,0.027243,0.0,0.5,0.492265,1.8e-05,0.603337,4e-06,0.000112,2.20106,0.488992,1.7e-05,0.604566,7e-06,0.000109,-1.0,0.0,-1.0,0.0,-512.0,-1.0,0.0,-1.0,0.0,0.0
sat/satcoin-genesis-SAT-5.cnf.bz2,134781.0,648806.0,87767.0,574396.0,0.535668,0.129545,0.152799,0.379461,0.371333,0.0,1.0,0.825273,3.7e-05,0.148937,2.3e-05,0.000137,0.687774,0.0,0.021473,0.7227,3.7e-05,0.615513,1.2e-05,0.00023,2.082449,0.007994,0.027392,0.0,0.5,0.490514,1.8e-05,0.604402,3e-06,0.000115,2.202305,0.488659,1.7e-05,0.605651,7e-06,0.000118,-1.0,0.0,-1.0,0.0,-512.0,-1.0,0.0,-1.0,0.0,0.0
sat/satcoin-genesis-SAT-512.cnf.bz2,134781.0,648806.0,87991.0,575885.0,0.531759,0.126624,0.152793,0.379467,0.371172,0.0,1.0,0.825052,3.7e-05,0.148812,2.3e-05,0.000136,0.686995,0.0,0.021233,0.722639,3.7e-05,0.616206,1.2e-05,0.000217,2.079535,0.008044,0.027498,0.0,0.5,0.489857,1.8e-05,0.60509,3e-06,0.000111,2.203018,0.488559,1.7e-05,0.606076,7e-06,0.000108,-1.0,0.0,-1.0,0.0,-512.0,-1.0,0.0,-1.0,0.0,0.0
sat/sdiv16prop.cnf.bz2,3602.0,10484.0,1529.0,6906.0,1.355788,0.5181,0.221402,0.449702,0.779266,0.0,1.0,1.360812,0.001942,0.333286,0.001308,0.011772,1.162433,0.0,0.307124,0.811468,0.001942,0.898404,0.000724,0.030119,2.353592,0.07926,0.103208,0.0,0.809524,1.823118,0.000975,0.872354,0.00029,0.011584,1.887581,0.593397,0.00146,1.099722,0.000724,0.026643,0.004599,0.869874,0.000579,0.057776,3.830978,0.180896,0.677293,0.015344,0.52381,3.272722
sat/sqrt_ineq_2.c.cnf.bz2,132244.0,641376.0,106305.0,592794.0,0.244005,0.081954,0.179329,0.31692,0.605504,0.0,1.0,1.006877,2.9e-05,0.632876,1.9e-05,0.001213,0.935498,0.0,0.153382,0.812279,2.9e-05,1.968513,1e-05,0.001432,2.037537,0.04987,0.087628,0.0,1.0,1.250536,1.6e-05,2.069882,2e-06,0.000533,1.892853,0.570957,3.5e-05,1.696763,7e-06,0.001161,-1.0,0.0,-1.0,0.0,-512.0,-1.0,0.0,-1.0,0.0,0.0
sat/sted5_0x0-40.cnf.bz2,2345.0,58359.0,2302.0,51133.0,0.018679,0.141318,0.04502,0.438015,0.78416,0.0,1.0,1.539979,0.001557,0.207534,0.000869,0.002606,1.097915,0.0,0.083351,0.401189,0.001557,0.941173,0.000469,0.007745,3.590927,0.367118,0.414127,0.0,0.904762,1.958103,0.000983,1.028129,0.000156,0.005163,3.30979,0.671328,0.001205,0.396859,0.000469,0.002914,-1.0,0.0,-1.0,0.0,-512.0,-1.0,0.0,-1.0,0.0,0.0
sat/TimetableCNFEncoding_3_UNKNOWN.cnf.bz2,358625.0,2431386.0,247005.0,2318910.0,0.451894,0.048504,0.106518,0.40565,0.655425,0.0,1.0,0.965605,1.6e-05,1.420648,8e-06,0.00017,0.877694,0.0,0.193869,0.9303,1.6e-05,1.518232,0.0,7.9e-05,2.795943,0.356765,0.317177,0.0,1.0,2.533215,1.1e-05,1.238253,0.0,5.2e-05,2.839209,0.940231,2.4e-05,1.636202,0.0,0.000319,-1.0,0.0,-1.0,0.0,-512.0,-1.0,0.0,-1.0,0.0,0.0
sat/uniqinv20prop.cnf.bz2,3066.0,8790.0,1421.0,6224.0,1.157635,0.412275,0.22831,0.340254,0.873104,0.0,1.0,1.220924,0.002036,0.505269,0.001407,0.027445,1.029365,0.0,0.329049,0.822622,0.002036,0.899531,0.001446,0.023779,1.500924,0.15045,0.095362,0.0,0.6,1.675969,0.000877,1.109856,0.000321,0.011568,1.792114,0.505141,0.001704,1.187261,0.000803,0.023136,0.004736,0.96957,0.001125,0.025225,3.536015,0.139805,0.641037,0.015188,0.533333,3.017443
